{"cameraMode":{"drawMode":0,"name":"Shaded","section":"Shading Mode"},"sceneLighting":true,"audioPlay":false,"sceneViewState":{"showFog":true,"showMaterialUpdate":false,"showSkybox":true,"showFlares":true,"showImageEffects":true,"showParticleSystems":true},"in2DMode":false,"pivot":{"x":-1.0348644256591797,"y":-4.311646938323975,"z":-7.756950378417969},"rotation":{"x":0.0019529833225533367,"y":0.9834608435630798,"z":-0.18079939484596253,"w":0.010622608475387097},"size":28.231483459472658,"orthographic":false}